{"cameraMode":{"drawMode":0,"name":"Shaded","section":"Shading Mode"},"sceneLighting":false,"audioPlay":false,"sceneViewState":{"m_AlwaysRefresh":false,"showFog":true,"showSkybox":false,"showFlares":true,"showImageEffects":true,"showParticleSystems":true,"showVisualEffectGraphs":true,"m_FxEnabled":true},"in2DMode":false,"pivot":{"x":2.6288483142852785,"y":0.7139977216720581,"z":0.6808357238769531},"rotation":{"x":0.23568566143512727,"y":-0.6254858374595642,"z":0.2060166299343109,"w":0.7150092720985413},"size":0.5089855194091797,"orthographic":false}