{"cameraMode":{"drawMode":0,"name":"Shaded","section":"Shading Mode"},"sceneLighting":true,"audioPlay":false,"sceneViewState":{"m_AlwaysRefresh":false,"showFog":true,"showSkybox":true,"showFlares":true,"showImageEffects":true,"showParticleSystems":true,"showVisualEffectGraphs":true,"m_FxEnabled":true},"in2DMode":false,"pivot":{"x":189.20687866210938,"y":365.35235595703127,"z":1155.770263671875},"rotation":{"x":0.024309193715453149,"y":0.02165253832936287,"z":-0.00029194290982559323,"w":0.9995766282081604},"size":2054.240966796875,"orthographic":false}