{"cameraMode":{"drawMode":0,"name":"Shaded","section":"Shading Mode"},"sceneLighting":true,"audioPlay":false,"sceneViewState":{"m_AlwaysRefresh":false,"showFog":true,"showSkybox":true,"showFlares":true,"showImageEffects":true,"showParticleSystems":true,"showVisualEffectGraphs":true,"m_FxEnabled":true},"in2DMode":false,"pivot":{"x":-12.231864929199219,"y":5.232898712158203,"z":-17.71802520751953},"rotation":{"x":-0.10497007519006729,"y":-0.32332634925842287,"z":0.03643340989947319,"w":-0.9400366544723511},"size":0.3339744210243225,"orthographic":false}