{"cameraMode":{"drawMode":0,"name":"Shaded","section":"Shading Mode"},"sceneLighting":true,"audioPlay":false,"sceneViewState":{"m_AlwaysRefresh":false,"showFog":true,"showSkybox":true,"showFlares":true,"showImageEffects":true,"showParticleSystems":true,"showVisualEffectGraphs":true,"m_FxEnabled":true},"in2DMode":false,"pivot":{"x":-0.6141242384910584,"y":-0.03120100498199463,"z":0.5363309383392334},"rotation":{"x":0.11050534248352051,"y":-0.0987311378121376,"z":0.011419558897614479,"w":0.989020049571991},"size":1.6255996227264405,"orthographic":false}