{"cameraMode":{"drawMode":0,"name":"Shaded","section":"Shading Mode"},"sceneLighting":true,"audioPlay":false,"sceneViewState":{"m_AlwaysRefresh":false,"showFog":true,"showSkybox":true,"showFlares":true,"showImageEffects":true,"showParticleSystems":true,"showVisualEffectGraphs":true,"m_FxEnabled":true},"in2DMode":false,"pivot":{"x":399.0702819824219,"y":1281.7841796875,"z":-6128.0087890625},"rotation":{"x":-0.022813348099589349,"y":-0.009769471362233162,"z":-0.00008939504186855629,"w":-0.9998744130134583},"size":24.474464416503908,"orthographic":false}