{"cameraMode":{"drawMode":0,"name":"Shaded","section":"Shading Mode"},"sceneLighting":true,"audioPlay":false,"sceneViewState":{"m_AlwaysRefresh":false,"showFog":true,"showSkybox":true,"showFlares":true,"showImageEffects":true,"showParticleSystems":true,"showVisualEffectGraphs":true,"m_FxEnabled":true},"in2DMode":false,"pivot":{"x":1185.8367919921875,"y":65.45291137695313,"z":-95.94369506835938},"rotation":{"x":-0.018310677260160447,"y":-0.015757134184241296,"z":0.00020867743296548724,"w":-0.9998933672904968},"size":114.04353332519531,"orthographic":false}