{"cameraMode":{"drawMode":0,"name":"Shaded","section":"Shading Mode"},"sceneLighting":true,"audioPlay":false,"sceneViewState":{"m_AlwaysRefresh":false,"showFog":true,"showSkybox":true,"showFlares":true,"showImageEffects":true,"showParticleSystems":true,"showVisualEffectGraphs":true,"m_FxEnabled":true},"in2DMode":false,"pivot":{"x":4.124914169311523,"y":2.9083828926086427,"z":8.685078620910645},"rotation":{"x":0.011892450973391533,"y":0.25431954860687258,"z":-0.003177583683282137,"w":0.9671118259429932},"size":12.12435531616211,"orthographic":false}