{"cameraMode":{"drawMode":0,"name":"Shaded","section":"Shading Mode"},"sceneLighting":true,"audioPlay":false,"sceneViewState":{"m_AlwaysRefresh":false,"showFog":true,"showSkybox":true,"showFlares":true,"showImageEffects":true,"showParticleSystems":true,"showVisualEffectGraphs":true,"m_FxEnabled":true},"in2DMode":false,"pivot":{"x":867.9083251953125,"y":372.51287841796877,"z":361.424072265625},"rotation":{"x":-0.023688528686761857,"y":0.00814423430711031,"z":0.00038393225986510515,"w":0.9997843503952026},"size":749.4407348632813,"orthographic":false}