{"cameraMode":{"drawMode":0,"name":"Shaded","section":"Shading Mode"},"sceneLighting":true,"audioPlay":false,"sceneViewState":{"m_AlwaysRefresh":false,"showFog":true,"showSkybox":true,"showFlares":true,"showImageEffects":true,"showParticleSystems":true,"showVisualEffectGraphs":true,"m_FxEnabled":true},"in2DMode":false,"pivot":{"x":1919.9998779296875,"y":173.61126708984376,"z":2.1600003242492677},"rotation":{"x":0.017654458060860635,"y":0.8996919393539429,"z":-0.03679090365767479,"w":0.4350954592227936},"size":980.6781005859375,"orthographic":false}