{"cameraMode":{"drawMode":0,"name":"Shaded","section":"Shading Mode"},"sceneLighting":true,"audioPlay":false,"sceneViewState":{"m_AlwaysRefresh":false,"showFog":true,"showSkybox":true,"showFlares":true,"showImageEffects":true,"showParticleSystems":true,"showVisualEffectGraphs":true,"m_FxEnabled":true},"in2DMode":false,"pivot":{"x":227.80433654785157,"y":481.74749755859377,"z":511.608154296875},"rotation":{"x":-0.06264335662126541,"y":0.01710520125925541,"z":0.0012722527608275414,"w":0.9979905486106873},"size":749.4407348632813,"orthographic":false}